45,240.82910986199252,3.2790478607796962
52,227.75033900984556,5.782787062506213
449,181.14640472185442,3.9564206131855975
455,184.90500720617155,-3.3095125435938284
486,153.60710257524855,-0.871866295171055
510,5.752151877274855,-0.1548188479171601
559,336.04089593442404,0.3259735895452938
600,221.8584174621521,8.473646164145524
729,342.494295608736,-0.6705227579037578
859,202.92189972674402,4.887641006337892
887,28.35706541003752,-1.1600140337804994
908,210.07029108692956,4.643334074338721
999,230.08445885410322,2.042744900562105
1007,41.417710255122,-0.7229396030341844
1051,356.5995490597057,0.7494169259045094
1126,162.358839916762,3.6568693169597424
1239,227.82076096196965,-0.13035420841124584
1264,29.08570063581641,1.0441898804514986
1311,224.6997587659374,19.454115173337176
1427,224.86563061518154,3.346041255185797
1510,8.59684859546985,0.8572446238683465
1547,149.74569382371055,-0.20607615234915003
1602,223.56882873480995,4.577911252859325
1629,209.15320486439063,17.832503167329804
1646,44.88559933533986,0.2317735837975336
1858,220.63909033323534,9.371747583165943
1925,145.35445110731797,21.350425273581678
1943,142.41721851345335,8.0518115577899
2041,230.97706155728685,1.0290181701618024
2082,177.26476942495145,1.5017394742677932
2097,213.55132835617454,6.867470085407481
2114,11.593375585527895,-0.15516455020165512
2188,228.00247094834737,-0.9479559554082494
2399,231.45266999458167,18.236100699197465
2500,39.03651093320735,-1.006553390883511
2555,206.51472140209484,3.158611178451269
2697,166.5246659546198,3.9891506514497275
2863,335.0007035363287,0.26663596166577525
2873,328.5535980092344,0.07307367248920796
2908,328.7077230873318,0.9307010680798009
2968,220.06088760893613,3.6950259545600397
2979,322.6123060624558,-0.006754533286587407
3120,354.4065694432603,-0.6778065488052746
3151,195.28141902517774,-3.447934526703455
3208,27.588658975889302,-10.091813353100893
3299,236.63623982065207,1.078734368711403
3376,227.10732755415353,-0.2662631392516666
3439,204.67786329446517,-0.7394235974419566
3442,221.03775192293222,0.17848090112325474
3497,42.26207035136068,-7.874617986114466
3529,192.28413481214437,-1.7902224633234183
3586,206.1356512405109,2.954077288052978
3649,186.6870177836635,-0.6216255083224869
3942,160.96647038138101,1.0616946736491684
4098,203.21137217845643,5.875971047449573
4211,202.5495541056597,-2.119322836893368
4296,219.32007838769977,24.869239404168646
4329,203.45144578486855,5.485787164552937
4357,36.23956230670019,-8.74515208450075
4379,13.30234737033261,-0.8001196458025523
4397,202.89760881918448,12.842261343392973
4422,237.3091390845451,11.38922052902787
4492,33.46377473711067,0.46740633916927793
4560,158.28531721234012,9.037315758844171
4625,216.3067639800081,12.164036668293106
4629,214.36171507746315,2.046875446391658
4702,228.2036267213221,0.9377728750331709
4720,170.6869885683598,0.4622688606578599
4781,213.71904415379845,0.1962086954996674
4845,222.0765967725764,3.528999284438538
4855,15.371754106704401,0.7604499088187788
4938,177.75669538937782,-3.102454594564123
5016,185.43028165134587,0.32951616641100917
5082,6.140059334498744,-0.00155493083581395
5125,242.29956031948512,4.93444897564111
5202,11.881224878833109,-0.8825090318294164
5259,248.83943970588552,20.364764778966247
5405,42.30139929552198,-0.8350889555233616
5625,7.3684335230024685,-0.21261531912830875
5671,142.70574588321767,-0.6142628202885557
5914,210.40176048403515,13.83515819643058
5934,219.72711247969778,22.71084561863284
6038,34.89964316866207,-0.7380950459839923
6051,186.18023867648725,-0.4186130489333655
6085,257.0819149557668,21.181503540997507
6117,167.5389033445279,23.959443736662465
6212,10.061341258226662,-0.12293324304480413
6253,242.44087683728804,7.614014393979643
6262,203.06553934660167,-1.885316010086433
6376,227.25024928176728,0.3909320454613374
6377,145.54530605624927,5.594800445008561
6400,202.71804927314975,4.934494031313806
6598,15.847517612545502,0.3194597356464001
6611,220.78432069596232,4.853551108135999
6752,228.47747708296654,5.9913791194332635
7010,35.137424163171865,0.46762448914724736
7024,208.9060054675359,2.244758089012718
7111,32.66625738790426,-0.6421169330870897
7128,150.36981377262137,4.577001282191841
7257,6.146786598213104,-0.21867423181111004
7267,186.37192595648432,0.7261944152260399
7442,154.9344686172303,-0.638302795945111
7466,18.01691700181341,-0.7310808494731268
7580,241.92761933347714,7.481619827285982
7843,228.24705603479185,0.2278670230341811
7883,15.652117131321473,-0.8354832548181128
7899,143.93306072271878,-0.05966844930486008
7950,143.62891539736955,6.594818145445913
8045,229.0661661060734,2.5088641808857144
8124,237.30131454069752,5.325264460775495
8176,218.02534259590695,4.472637123667936
8204,203.5767361504824,-0.9568738824762721
8225,183.8848724448501,18.713710087946755
8494,201.51700340545858,-0.44192394768932314
8719,11.274050300444742,1.2641963621931311
8891,199.59813962666436,-0.5295222609300854
8924,34.43159976415429,-9.1051573523021
9027,138.85815113049875,24.706815807436517
9089,171.50209415515246,2.162212454374488
9141,184.6415582533644,-2.1770159051483877
9184,237.61712334818574,2.451254825601357
9326,209.01013404957268,2.17905757101569
9407,139.6541243822605,30.4065378123726
9421,201.62798927334094,3.8807972550017054
9695,256.9401019519856,21.387083314129036
9781,227.71753425589853,4.867695370830874
9953,173.25200485728243,6.409779513215816
10044,220.51740718440564,-0.8163901085726861
10336,212.8445376998185,3.307782641027454
10372,167.69205883922714,0.5928678013544169
10434,208.03655826588505,4.095924214539122
10461,180.31648774999275,-2.8838852955729135
10543,355.2490503785618,0.08159705329306523
10551,352.34873531333517,-0.8154602008044716
10713,140.813303836001,11.19862486103408
10736,344.1178393298238,-0.5482883040948242
10924,187.82095495956253,10.479094788681259
10951,183.7311843265304,-2.672605000917351
10966,210.46458115352266,4.665024293246643
11197,11.155052504946525,-0.9222758184734664
11303,172.27895811832389,2.552029053709847
11494,147.80731424694278,18.325980166105566
11504,160.90514911791985,0.6125632263289124
11588,319.370225999011,0.11742431465303323
11595,178.56995007448535,-3.2987934102828174
11855,137.9047259967258,6.569069667667952
11906,219.28226577786063,3.666475667570676
11947,180.92706513775158,1.0318335937420995
12088,170.61309949231222,25.190077188422876
12275,131.42655274537188,27.911966502638794
12469,29.694984175221784,-0.6947219949145284
12504,195.5898420607374,26.962615750362556
12625,354.0365220302291,-1.183471028431104
12831,16.86172789525665,0.14713123133492967
12979,184.94870813547396,-2.5444562032839637
13074,192.3900709754908,-0.7644994492907383
13350,337.04517079788377,-0.8134006823252536
13422,181.8778139961286,14.022290212838255
13439,10.896090590391566,1.0197051006410887
13502,240.78404426945565,6.4835105016358066
13546,154.33456983035146,4.807493508319193
13639,16.01845740550793,-0.43445387694280313
13762,138.64461436941292,2.4546078711056074
13786,242.17217593496827,6.908687776941689
13816,216.80041355987618,-0.4617777722914249
14073,9.418207737872393,0.028383367622308295
14226,336.2301896759252,-0.38398795431693644
14458,222.0032377763383,13.447214427734602
14575,144.39323962841155,20.093276890655915
14587,221.82809820063244,-1.2629384603083662
14639,138.73331173861874,4.28287598058988
14675,23.953820801205026,-10.208901498843343
14829,28.31353145316939,1.039050909359884
14917,1.2441392378837293,0.9620802938595564
14935,155.88373341784188,0.17372545163929162
14957,180.40961656401151,-0.4636221051149274
14980,217.69351295869373,20.990922046765355
15003,42.43789439186294,0.10193943704555848
15011,231.57318594920474,2.9108460144195263
15204,0.5076227805781173,0.3470051995245277
15481,23.357794858008447,-10.438525658099127
15504,342.52803171388246,0.8539212493231506
15780,324.9345355653131,0.9597620650212736
15892,173.01054275191206,2.94210990105404
16041,233.5963762728119,7.567369109891293
16362,166.57199301034484,26.774796496909683
16395,146.7814622036711,0.7379620856084259
16562,221.69546358775114,16.112168392734034
16583,155.9007509998437,7.716137628630721
16603,178.75199215655618,-1.4311065637624951
16765,15.96990643044363,-0.9604308310380745
16772,229.08407095977225,3.027048391736143
17087,210.5955173917173,2.8095935273762573
17212,137.4366848461362,22.435375300509598
17253,31.379415857237824,0.18973139637475425
17272,322.4961431004185,-0.27931762290953327
17305,326.36700828611856,-0.7799627349928593
17345,131.44609431049258,8.025294125092898
17403,168.3832045449543,7.572032923333613
17412,246.5959123669343,8.801452626445402
17453,218.43743524538093,5.577338132255238
17703,227.93764174524267,-1.395974432059733
17801,33.96366278527228,0.8701115342728326
18304,203.96762305085582,-2.123552788071232
18334,167.76933275532417,23.9366935139714
18854,220.81554824837025,3.2000459394092844
18916,219.21216320463466,-0.7002773502824661
18960,217.2966961344692,10.010704329534505
19006,191.15613373394615,1.8067552702901113
19061,44.69412106681753,0.20512498219844505
19138,183.58746593895324,-2.3109481457189247
19246,180.6095602760305,10.562300816671302
19446,186.23020020159757,19.67144095001942
19456,169.87863024018702,4.325737863734537
19531,34.08552599038245,0.2657764732522463
19581,322.7072087742605,0.2774235340932719
19620,212.84528211463754,-1.616416548187045
19970,219.89285072108092,0.5314783889675194
20094,181.02660245512197,2.411549984420464
20280,191.64264797449948,-0.22777282810337793
20323,167.8623363928648,3.87914215862533
20709,136.382217825092,6.911715434579891
20784,231.67521071212718,0.8913381310281583
20788,172.87391329623037,6.409487473691147
20891,155.57273239029558,0.358680578774141
21023,236.7054284069286,3.277419770899815
21034,247.32776055095087,13.640013152255154
21539,200.23928290357725,-1.2803359658059665
21584,245.8574103818013,9.932150644783132
22154,153.74365963105237,-0.07359438640474604
22197,220.08659576660887,11.418637455453194
22368,158.58517047846868,0.039130515416543915
22731,184.5672003132031,-0.8340511826398002
22775,225.10718865586037,7.346742679880092
22946,178.13051461340768,-2.313320154537352
22994,188.7384320950676,-0.7944933082933339
23571,149.9535924408752,4.017094095856147
23637,0.6859731235908271,-0.5098023505058071
23643,1.229487922218226,0.570729705024921
23730,175.89775564318614,11.807227024625062
23803,132.18613500011438,7.495161033816887
23821,170.39157081999156,-0.2848588601434188
23957,131.98465034816377,14.46714849087838
24086,29.18151980885513,-1.193953492193999
24189,43.82988390524037,-8.281597793441676
24238,230.23921171936138,1.8606953142871252
24320,215.60595693326533,9.101565668882868
24328,241.66468353758202,4.951573585821181
24333,204.5741382394095,-2.107109409791854
24373,34.674784695443044,0.11376938688731986
24428,188.02650192030939,17.006848398213187
24496,183.64344518942983,0.79107928126288
24551,226.74552544557855,15.999544686799256
24633,160.60080198323323,-0.13812237981405284
24680,236.58815818270415,0.9147628412650903
24705,344.527706335953,0.24156818178319622
24894,355.44076996013723,1.1244361523174158
25095,8.518912976076649,0.93490936685836
25174,180.98610484440974,0.48099313248340536
25389,195.24305785101546,5.3148310826213105
25439,139.36941013768566,7.708979844179597
25463,0.8437023063884226,1.0578857959000378
25516,317.9636113991441,0.015035217016224834
25550,136.74457465709196,20.78630555246702
25637,20.096410683762755,-0.0789811001078276
26029,144.71601435863184,19.546867241143143
26112,228.14255323608808,6.0765795324640735
26205,157.75751394414092,30.86197445784933
26249,209.0716196849143,9.498732440062271
26364,191.50772582224704,5.901565472582364
26723,177.3112966885784,-3.425985842082808
26832,203.6283159333592,-3.0602435798800163
26918,218.60486621450463,13.799787284100015
26920,23.886484466683783,0.37744597626751203
26957,33.121692443997134,-9.252738694019916
26966,210.3903716282686,0.05525058541032671
27072,227.3714894226615,16.23276868263051
27293,201.56777903474992,3.5548443251860737
27418,36.016996471303884,-8.253401210897376
27559,8.54633166093974,-0.24288346959757473
27638,135.4742045003733,3.1057523273740806
27694,219.79986135670157,5.7937899354022155
27779,199.66385647856276,-3.2261758889282706
27793,335.087005840764,1.1378785665178994
28183,209.06551190117648,12.23841031029727
28473,179.7480087619818,-1.0452750837577547
28475,190.4965128246385,17.57065889805284
28545,24.481061896305803,-10.51535737308532
28664,143.87622353113915,9.271388236124066
28754,189.39397095488482,17.478907843462597
28819,167.35233905412878,5.68062891180133
29152,165.65570511866363,-1.1118762683592576
29186,319.64401262055867,-1.0175432856092297
29294,173.56868945619397,17.484703069814337
29336,149.18266691521305,2.8653372106134536
29449,7.184484092048933,-0.09643476444661984
29807,241.51224427285882,6.983944823337617
29818,179.8982019954006,0.2408697265471117
29887,200.1028969916996,1.857411833972087
30023,212.21335753971198,9.213646095149645
30256,148.42238981155788,1.700656839383063
30284,39.495067818393494,-1.153088058499583
30301,228.4532227813512,5.796638593989257
30394,7.247299052174071,0.333509281563608
30404,343.55924787825353,-0.9299563761993993
30797,9.825010279699114,0.6998107738443324
31181,218.5639555499666,-0.9692503085671872
31227,227.0378591747043,-2.7332923832774516
31235,145.73259471822217,7.9066782956796215
31291,343.38816023288825,-0.9862951767395232
31449,243.07608499477678,5.364560686413267
31458,323.59129813763246,0.8913105534588128
31526,189.0305788376004,9.05536097487831
31555,152.334688306513,-0.3150633120484621
31607,32.83452610068333,-8.833176886468173
31795,227.8861100068072,5.6032198684673995
32077,29.26590124710249,-8.601087588495778
32397,206.1406647331349,2.750299772330791
32416,178.1565709278415,3.4726927641024887
32570,141.5777799215592,26.390705730400374
32814,147.04864610627487,4.575735717909538
33611,130.42652372545248,0.47727321632154834
33680,41.669406012863305,-7.75940329995004
33772,203.6714642282364,2.038357631141824
33795,156.91344804533267,3.786593878065288
33816,16.0072576078749,-0.8130568143536266
34049,187.74517666220711,-0.702899850669396
34084,213.92345445012506,-2.324952514957741
34210,28.305828341539105,0.8686619856356148
34418,148.43555327218064,0.7542102896874302
34891,5.622425822036232,-0.7186736577749351
34928,180.40753468265925,3.2610638591356342
35080,257.93677760198676,23.233388994465884
35088,144.59057885625066,5.556452233767545
35089,160.6381555513575,0.9332261636801127
35101,240.46019505691518,5.009973710251129
35197,339.31670852974594,0.17836680411032846
35429,350.0597500870835,-1.170790423155026
35545,33.760509320732496,0.09637171303568033
35547,25.257251523670035,-9.543480755119907
35689,353.6537357394415,-0.899164236481219
35698,223.50993595319324,5.0062750295872105
35909,138.61040206780586,2.9219606896833885
35942,180.94115229217223,4.159388920989361
35995,179.55847348944232,-1.830358582776641
36029,317.8828538426224,-0.9508872814636304
36249,257.1116101405253,20.6423375170493
36426,246.68273558849344,8.835422990345887
36483,206.3149593633542,-0.14191936172083872
36777,221.68870711714382,20.705374501978337
36783,29.31560667533097,0.27633980891699017
36807,116.87118114326778,19.618636584587538
36895,358.81713717485,-0.19545176826675584
36925,216.19309577401344,12.772524805808517
37446,339.6519774324755,-0.4132414351803019
37660,242.08659437711833,5.456834864193374
37890,219.81788834124896,5.523304388775481
38022,229.61823254793322,0.7652032275599211
38065,226.31835745004983,5.450927964323193
38066,186.3911518765751,12.172798129682954
38259,213.26221566768047,3.8506106079021247
38415,145.8683916315959,8.300337225477154
38535,222.4158930452856,-1.5705184883534742
38672,138.8890365290173,4.818062896529572
38707,201.81629611571077,13.612749814137223
38955,156.4813494774258,-0.44271403009616217
39745,358.02972428396447,-0.5806397750226548
39769,178.00583184189307,-2.8693638383964206
39881,219.39073281280605,-0.9774488020734128
39921,25.205331143814348,-8.158048555478949
39951,227.22064104012983,-1.8861355932401531
39963,218.45493280495776,8.065861297939488
39990,35.985464049465,-8.499653509168759
40055,184.92495258088942,0.8407755152945592
40090,181.29985707491127,10.435004272750078
40599,18.167010269827983,0.034515790071966736
40670,221.9401127406382,1.1144302671951596
40766,29.77562030039303,0.8354353467202669
40791,183.3359313920363,-3.6851909947405788
41084,224.9890027244645,7.596652315470495
41204,194.89179933184244,5.626473622134142
41392,139.46732845394908,7.835214947568513
41410,218.85139197977998,9.703715264725018
41450,247.82495936653598,20.776188948432615
41706,146.15977101836452,0.8406926554575413
41780,218.09018848145865,5.178725230851261
41940,228.139566406022,-0.3047031144424505
42273,223.69523931291457,5.449306441154594
42285,226.04345888571282,1.9906498791630547
42368,211.27244206251714,10.315720576313735
42417,167.62866235039152,-0.4793753356560801
42550,165.5966937801975,-0.18402037245542954
42553,219.86991387893394,2.7687328680545855
42655,161.3912721522132,8.787459242119063
42804,227.90413745662937,4.4672479000176955
43158,154.027021482382,13.159594727216756
43223,230.43292873205064,24.807882544582192
43265,149.80968119086867,4.093259684728787
43385,210.66836620907992,10.530229493136702
43412,201.6345602482671,-0.5763431163315276
43457,239.93981382963358,5.997045980990811
43482,207.43228007918694,5.196199196424827
43515,138.10829314951013,6.639960544337443
44287,207.6576872840418,8.311662600917394
44599,207.55180896710334,6.164248826538501
44648,149.0843077776011,19.132172974173024
44664,194.7852499840565,5.002518178188719
44877,182.3805582429567,7.50776183489927
44983,224.7335910362827,4.557656108796699
45126,209.66335964459074,18.446004488052996
45154,16.48359046248197,0.7146202060936522
45200,205.24321878705547,-0.18179436477257901
45307,248.2043665774519,12.851383967728246
45533,207.48621272161807,-1.7505362950776684
45646,216.11065695218443,-0.6846925362467725
46237,214.73850408018103,8.828367900804205
46248,188.94847338173992,-0.9658410997227708
47211,219.63326274509768,-2.871939823542359
47234,241.09660813801838,5.620433025020055
47295,203.59639759551533,-0.21610859297747292
47751,160.2220869839741,9.9062225599499
47856,226.98096569500717,-2.3822487607343708
47927,149.75034250921624,3.192246988721822
47929,153.56737788197358,0.3068737246044754
48082,206.57609859549677,-2.2238321195292596
48197,224.21474501541906,1.5099472849437363
48304,212.22180495200348,1.8271025718390235
48433,151.1932810948449,12.334316786874261
48575,202.19138743709675,-2.2534117221350387
48935,3.1243620920672583,0.6531795578885147
48998,40.29602502975738,-9.014105600571067
49071,239.30035600315614,4.7976228508962055
49203,11.49441843296836,0.9665602176910487
49223,138.34750064753928,4.107150978998585
49250,219.1386909044018,7.237982108379165
49657,221.33761478862303,9.489036443306764
49846,194.30716996022676,12.42277372086653
49865,173.4028957880398,6.881674498140619
50120,158.85177478676638,3.957706337753427
50193,153.78423781225564,24.79470906268906
50313,171.08546226927427,12.113526798049127
50330,217.60815087367502,2.429558972515456
50456,206.53506727022557,4.024648232113523
50539,150.4982168221983,0.47736687115261145
50895,177.5972321234843,3.7779676820798627
50898,227.6757637805012,-1.9962854106347707
51335,134.5481498324057,11.701968651987873
51554,171.3440631036654,13.127671065399118
51736,192.86065311283176,9.322280105037144
51950,206.86795149245597,7.432651920016804
52096,19.101947418207473,-0.13349898471502247
52110,227.0894312208539,-2.277188939187343
52624,179.39783772956326,4.558268230436158
52684,162.23397508854612,-1.075165186555929
52753,144.36696477243117,10.291192756522388
52787,226.7288373666329,-0.1358545582080887
52821,205.81859470024202,2.507430240342655
52929,207.511726094494,0.6740020295371725
52969,333.354262682399,-0.1391499527434955
53121,11.838643207676796,0.8776582310047109
53161,335.9891320728003,1.1637664352643218
54200,206.190047068093,0.09222566047771254
54252,15.410521922000138,-0.6538454175043846
54420,31.151924838518703,-9.042662259261514
54430,231.881300893011,-0.8488255766275016
54529,215.5264673723905,11.743933272603844
54566,199.7012836661943,1.6301197403223544
54637,227.97356964187975,14.259779235967654
54940,177.82687578694126,5.047429539666963
55378,184.25670247248655,14.491680574687477
55553,358.73223902142144,-0.047955915324756834
55669,185.46962714160165,21.60619345082303
55712,223.66532296034754,22.481367480894196
55717,352.50187319851074,-0.6750995111752068
55856,182.36153845645384,3.4976647174670332
56179,209.469953161104,1.2702091750653661
56186,186.77311109451583,-1.847193729773253
56268,153.93378897453562,-0.050792136387236966
56510,8.506332525554399,-0.553921405993441
56830,25.08577120296593,-0.11352387420696906
57105,213.60268399365873,2.8663530848036274
57252,205.91479797469037,0.7834078028497894
57300,166.5670089657803,4.321516875711134
57358,191.9532010316425,10.648074403457192
57736,199.82931744149312,5.170764259887935
58130,159.9002437485998,2.3717896901384528
58339,145.9701210628111,2.113802640786664
58595,324.94045252672925,0.47209036132377447
58713,218.08817137507148,5.553739746871934
59022,10.003055393337036,-0.8627921000036737
59442,153.17602900883801,1.0340921500794429
59462,144.93183207516967,14.019206800295926
59578,176.4093784254012,-0.8533217538215623
60018,350.23027468180044,0.5441952836623707
60047,235.1202180435826,7.231732541319167
60052,243.02665951383523,6.84432510253422
60351,43.15363390719574,1.0421926842843439
60355,148.9628113017382,1.5781379121441939
60441,235.3424389815507,0.9879488326623618
60911,336.8377512602839,-0.6780914532284064
61121,143.7204391630653,8.25672246053746
61238,167.28899800587317,3.822264268747385
61798,320.3620958394026,-0.7797225450361572
62234,210.40550278335138,4.906553998112596
62257,160.13731485711241,3.2965375027268413
62398,334.4624941922997,-1.1282051768388537
62426,324.2598584526184,0.4282531292167057
62521,237.30164808025162,3.2866456434233715
62552,328.5759693728885,0.7887153703313908
63132,207.16978857012595,6.172082879268951
63230,345.68725043482243,0.5831606642683034
63345,19.884862722013615,-1.1851738770212177
63381,191.6338353330773,3.5194317007256535
63390,344.53469110716793,0.8860800951788593
63658,3.6734454418793803,-0.13483628568530032
63733,208.39834846760988,3.931458884417957
63765,157.2191726805267,31.10908398044634
63854,160.23508697816698,-1.0663141382761268
63855,324.86402499381495,-0.7729987516919546
64286,212.24251703879375,10.68872383785172
64447,208.37526706481611,-1.843702219513885
64778,324.7934607105439,10.408636854812539
64787,23.5532749612375,-1.1248385974136454
65064,148.43415651653976,3.072991167910731
65092,132.37859157366475,13.767048195664165
65342,145.8156392861594,4.375834307363258
65476,176.4256654831546,-2.031085019937516
65771,213.03521118079397,10.676972329018255
65845,222.36105820276154,6.843531255274367
65943,154.71843268735648,-0.9825602422258817
66877,195.87143578749158,-0.9669698585140454
67231,220.5008378498495,12.034627734117386
67236,321.2119319942885,-0.42901547097176645
67616,10.467367756340764,0.4763862969002767
67670,192.87385380962726,-1.8385199675614803
67672,157.67170176331496,0.7881708654193612
67771,145.66340917642984,20.30712219216105
67819,153.39704837264378,1.1755483939602895
67902,26.698420073276353,-0.658535640281701
68086,229.53822965109643,4.563035542988004
68102,183.29023926698702,-3.5222204594356743
68559,199.56826493465968,4.3764794628437915
68594,173.49305216017217,0.8110230525820238
68707,223.74486898897206,14.200452375154736
68861,222.40598539768536,0.8456244806504802
68946,238.07780444093441,4.511091822219729
69290,216.9206071938471,-0.47254222743376983
69402,2.419295585767685,0.42501559065892613
69883,140.54653295771558,2.7869200898018485
69929,187.82532750216563,9.938634435796969
70023,172.67539974011453,2.1238949753365093
70241,219.82616947153747,12.836514070572948
70548,147.95515400277347,1.133889648497155
70581,185.50431840984425,2.0802635437011032
70688,195.35216811620262,5.315337984272417
71158,229.81570773721222,-0.06612844679189067
71207,330.2192235410698,-1.0131132753061465
71305,359.59046797107726,1.1620078108629068
71457,219.79967524195752,12.002642964876104
71719,220.0285758549963,6.612006678899734
71781,43.41380841923965,-7.564375000921033
71846,200.49465641814353,8.716366643558347
72094,242.27654854997036,6.2274299692660415
72299,208.22407648518526,10.805019951565187
72302,36.95354373300273,1.0885205451700242
72304,214.67662104485066,8.367618308045012
72484,242.44966744596422,4.817806959532638
73126,26.237451077375567,0.6422646450983699
73452,19.456182939030924,-0.4448477730416628
73535,209.46098860433585,5.171301369258802
73544,214.9632761144174,7.87929236448692
74199,151.9297070239537,4.632279390741554
74467,204.43712364714344,-1.6317327506675872
74480,209.56144839010508,18.346167407533528
74561,139.54888091176161,5.016210753902713
74612,155.37092343667985,4.476039753297589
74924,5.8483902932364344,0.3530280371364033
74959,183.86664856488116,18.61561873210648
74964,42.16150247031362,0.7405488582315786
75251,248.05206773171605,20.63017588415739
75349,26.552930558513616,-0.6433788492714392
75887,231.98823183660846,3.4476019444560717
76002,195.24856146452106,3.720729409050651
76010,211.77971216553527,9.707457149887299
76189,176.04722846897414,0.9225091768244883
76329,350.2321652651209,0.5878661225646545
76434,331.5972732173844,-0.4931413970487264
76683,212.5645383838875,10.977993338852643
77062,358.53081872456994,0.9920869255957292
77077,13.250964144168439,0.9475478777977303
77106,229.8510964676151,4.024857124762406
77190,142.50338329190276,4.517103008853613
77206,323.3204060595534,0.7007893358392293
77222,163.81267690044587,5.354038975516733
77319,192.09808098764879,1.6517437411738054
77529,243.26078238201748,14.957804634737006
77538,143.7212189359936,-0.3689249155987453
77540,179.90132692862585,-0.4782936946586454
77582,136.519272520061,3.1423358907770735
77711,219.64850745444494,-1.4865403765144933
77716,26.299481046439777,-1.1982522900604105
77755,322.11522106530333,0.18204671857329854
78131,344.94194791015207,0.04201826495534505
78470,199.01337661480477,-2.3571830198327284
78477,350.05245462935886,0.8761481087192737
78829,322.23152272865855,-0.02400379234093953
79025,143.73495412174987,3.2552682164509625
79042,231.93372215128096,1.7105383255153366
79242,191.18640894932685,19.50652581767987
79314,356.5370241811828,1.0303101009113356
79325,318.57372036044535,9.244066005295478
79328,232.29947771263068,1.9034803795299553
79616,236.6077508905776,4.730880797648655
79786,181.20100960130776,3.985541726607842
79878,44.80860839426731,-0.6209014835521606
79956,180.4700465853816,1.022787635766763
80190,4.791952287560321,-0.855694334663045
80460,184.0753459323679,13.422791061912779
80570,201.3061503647952,16.74425582989325
80831,27.61289263504881,-0.14431759051109683
80866,343.9803838201114,0.5723159852568174
80891,209.22529236468353,3.934987399054273
81163,179.0264136024926,3.2931027902502255
81326,138.0554220905347,7.062223640551989
81457,203.04671001309276,-2.767886360882059
81884,317.1574510082535,-0.9707286826259136
82016,206.6087960845714,13.500908459346748
82222,203.1274812975588,-2.5812796698081124
82973,133.28415887069522,25.19157669882789
83008,167.61766505994223,5.031413791632027
83190,227.3210457962646,4.5167533580454915
83410,5.390877660788021,-0.5583441844749466
83766,138.85109288756286,4.650841887788831
83940,245.37717794561422,6.835861734938861
83997,224.70499668143242,-2.2438870261209014
84124,191.16929566059912,19.349592025780584
84147,206.64694144507877,-0.8086352822664598
84282,212.88531450947568,4.868847359139168
84327,145.3405885620307,0.01917485403192185
84418,147.08039202632946,7.749338118818147
84717,331.81412107950723,-0.24891511266453045
84827,345.95512383798206,0.7959950982051176
84871,219.9060858056346,5.719254399791251
84963,25.52909819981228,0.44787420182485754
85171,126.9346328466421,3.549217975139318
85515,228.97438015448017,3.0503222619057566
86079,182.2926504755565,-0.9699707094094288
86536,207.7873038797576,-0.03883537284654363
86775,244.31873603472644,6.637412098971504
86803,221.9669352094188,11.519354453512372
86952,207.9607674788741,11.059854503039155
86958,229.10525794200146,4.424532289282346
87313,201.7076266221868,4.312388237018224
87432,233.09693247069254,2.161757467747791
87698,213.80931898378043,13.697604325966498
87708,150.13670627133268,6.393988625886536
87771,226.06872938850591,3.4481304003576194
87967,236.55734416948053,-1.6688534988772186
88041,147.36830860839368,1.6376250642319243
88169,157.79523692992095,3.323937553802199
88226,201.9695877579805,3.943029585479714
88277,183.60691929054133,-0.9477488839617666
88860,213.63597389785144,1.7315965447707586
88932,180.63337886916162,10.254106963080671
88957,43.19215170341744,1.0848724963656493
89313,149.85402815470383,5.977312505384056
89629,327.2921763641848,-1.2328771999747212
89775,227.51548257632925,6.469751684445886
90254,134.53667818582838,9.686393636064949
90618,228.96833885943445,5.517292967587844
90739,223.05564410128605,5.649434180963703
90814,155.01749845195587,3.081926613249875
90949,222.7157202333621,5.545809503493936
91038,213.36602040475088,3.0218714865037026
91214,232.2200498386605,3.0031273531113802
91655,196.29512208141347,-2.361553735559617
91940,199.3653766895877,2.3124294472491553
92040,159.97248622248054,1.6069024710269213
92099,317.9201370609112,0.5499007872758738
92242,154.42525498230512,1.8966302769456962
92305,202.78000474777377,-1.9749261758978922
92533,222.52409492777588,2.843674075792169
92833,178.47004392761224,-1.6274286286385042
92879,184.64786900913128,-3.080899870883735
93168,181.66360380730254,1.2151945721811028
93692,170.8635265529664,12.356469142662156
94054,13.770760386492313,1.1270569960911625
94237,233.1204708828826,2.6546389888495536
94246,216.52957129731482,6.869232024610391
94307,207.78115468738187,-0.3402010992131996
95115,200.9374762983231,3.815333363496563
95196,233.26061717313831,1.2959058604178466
95235,32.89571205605946,0.12206734711132206
95367,181.38168866442373,24.21072668710378
95611,208.92397361170202,9.75905246857851
95820,164.6131753462397,7.631317612511196
96364,326.80825264715423,0.7495519608801795
96483,340.12494860295044,0.6768472356159191
96528,6.363284280066741,-0.33611239307432245
97061,173.25108392688554,-0.5715976364140164
97079,6.631432850159229,1.203766831849436
97236,25.784600612013236,-10.019953975172244
97333,238.9567041197277,5.224025284881277
97530,242.73798507357324,3.3674418194704727
97626,186.3755207577444,9.072509995965003
97645,178.23633291164356,-3.500539528091069
98499,220.81491114895732,9.451757610708281
98578,202.45917104799344,3.9334401727541044
98607,217.11776669420772,13.215729633447202
98776,209.0119263449268,9.812184810426166
98924,221.23853973325254,19.548089110239154
98953,180.99223095503476,3.570454732528821
99076,178.46261879885077,-1.4269459104194475
99291,214.13464804264657,-0.5098400483357731
99317,179.04524064943428,9.863970653543213
99388,164.32574656118962,0.5234885443542332
99698,202.29029143947554,0.31168385806367743
99712,205.76357780799077,1.3973416396180722
99886,239.7645954001569,4.0093120277610765
99956,149.19447910746925,0.20273001521616127
100100,203.6053553077115,1.004991780110844
100225,192.74515961309692,-0.7497071573668158
101062,151.70247739831336,0.9348074653785192
101067,221.5366592407657,12.18025206339282
101193,143.2290317987891,8.478076398149117
101410,199.9224789530724,16.481281313444903
101540,189.7050080535473,7.828222622966433
102021,217.13056226169914,20.484812404414964
102081,165.18496799847597,10.071803087636324
102528,181.8909846465025,4.727952432392108
102572,152.97733751629534,4.030153410322022
102620,148.15857258940343,18.25609231164059
102631,214.82782508781023,1.972165859543548
102939,152.6895432067368,4.525988499396906
102950,228.49976589543138,-0.6119686216424085
103110,345.365674875962,-0.5350417176461161
103745,188.16350102178973,6.162575555205245
103813,227.14004909501705,6.188497015972054
103957,150.9537197311621,0.48687229544468813
104414,226.8952118031502,14.639156625192589
104468,183.7417778985229,0.755626042226721
104970,202.77305779541902,-0.7400409769676235
105234,165.79471850938793,0.6795178144782246
105817,214.8495541441444,15.971577369016513
105915,215.43874200763946,6.655580528274204
105975,184.734024125661,-1.0247436468684457
106527,179.43993006333454,1.3869696939076444
106564,228.96168046672582,-0.4029087394175206
106815,340.1092211439735,-1.1858654488742293
107296,236.769228398263,7.868381242491448
107395,200.11427561462807,3.171466186351684
107486,330.2401927711744,0.9421124207773925
107549,227.467457642783,4.407706861268918
107567,169.40337972277757,3.303104133866465
107773,210.07342809371903,11.689646022165155
107915,191.4416995123679,-3.612850164040848
108259,181.15420269613685,2.24694561054527
108426,222.02016205425247,8.634711512560669
108646,33.17196082216287,-9.516088252953498
108792,196.10134810830533,2.0239503769781937
109212,14.98432829433939,-0.37404564336058554
109269,10.218444038561813,0.6679130929234047
109552,152.61539012387234,4.993375877290078
109640,38.14591726405722,-8.989186606000057
109691,169.76457670039133,3.9159401720632774
109904,229.84068327931772,4.003629998465929
110175,211.79934129585706,3.0467449823260098
110359,240.83872960622222,5.401259452201669
110404,166.3442229810594,10.098331729980687
110411,3.0617387498786,0.3763175722500234
110477,156.6897076843398,2.2884410849555508
110703,180.73993396955376,-0.7815944624596604
110743,213.173168237917,15.470206547318467
110764,227.99479168903,4.2583376779680835
111596,228.07326195764102,0.7225542612948785
111926,333.6379682781314,0.6596495164724017
111937,198.68505581128386,-1.8413084981121948
111976,213.27092322896965,11.876303467014921
112013,137.94900546043715,1.6408305053183891
112407,28.525558461825057,-9.696678980648013
112790,222.4339612644755,7.173991597661327
112819,208.59310147223556,7.759821835088655
113104,26.291479130244397,0.7516007537873747
113326,202.7348521781331,-0.30435996321679126
113446,226.24754420585265,-0.3673476984529627
113453,228.57554580829847,5.3951482052202
113463,186.74483496551568,18.516454478215298
113550,138.78568804274585,25.425618477679148
113555,181.93024037938358,-1.065442243807657
113597,232.71439552954675,18.823630805524708
113687,164.87035216894907,-1.0274326097255395
113850,216.1478425475248,-2.9040633508125695
114197,140.8944448170879,1.8935647602384131
114203,172.32007481318982,-0.7123449738789038
114234,199.29658131671175,17.067700920105
114297,179.0538995314002,-1.2851364067033735
114403,18.27971639236779,-0.0010072654112651149
114439,211.1495272010406,10.383460967832443
114571,172.0674861993739,9.314030499299784
114686,161.49398142614638,2.7855965900533697
114906,148.50997094859292,0.7272966325650247
114918,217.81743044120765,-1.7096452528089288
115576,212.53588405484197,7.083006733401241
115881,210.89439314648195,-3.104245174947848
115951,199.12500174195682,1.8209706038681412
115983,238.39317112114915,4.5770750018746895
116337,222.14166480699308,-1.824857393101632
116393,359.3687194237093,-0.627541212854848
116416,201.3302137199367,5.356453348935836
116768,347.7462477882972,-0.7884108211976475
117412,138.98453800990774,7.2417414231456965
117587,145.8408489798435,0.6841463754281149
117632,229.02930854433473,13.105094279393574
117774,131.49260611363422,13.510387504942528
117861,6.127378828480156,-1.0834651760391922
118243,222.02503566749482,5.35335715799702
118381,207.35350728934262,-1.781056395465961
118573,188.191653045846,-0.9235735468271136
118656,154.5591307502334,31.70444508515422
118796,186.77733186604004,6.905570830512914
119082,25.81880358760275,0.9731056078767365
119216,142.42803625253728,8.776680973279435
119218,236.37026056613416,4.623910646439244
119329,232.5775580260028,1.5823291140364817
119347,214.59188456207767,5.458209874220039
119498,242.0592267986053,10.515279854913318
119720,352.90865701043776,0.12838701804117691
119821,24.303645129481083,-0.5043127182979075
119865,227.361440615223,1.857199840718106
119967,341.1627156819763,1.188332801644518
120070,158.39877252099808,1.0346749113811593
120151,225.30578821396173,15.811630734904757
120202,236.93342490981075,3.181634012226172
120495,189.98486358793522,3.3397839336478263
120901,357.44406187666476,0.6459756849767353
121406,149.77412336650093,-0.438545916360828
121687,145.57497851307082,10.461460384458
121700,188.78241653148896,-3.267192448474035
121891,27.05911060023425,1.1296521270855178
121929,131.67277196581298,12.849700842839908
122230,179.3578198179071,1.4700468077528008
122521,239.54947106237842,4.622689121435122
122813,212.92952875251453,2.4557118313652726
123020,219.1388402191897,-2.77277823071459
123172,31.60193373023764,-8.811169736830132
123205,339.40734392638683,-0.6556187582285997
123300,199.54194977596575,0.985718836850216
123343,160.90473611626214,0.26804177677492275
123468,144.0697701750852,9.106405238009375
123527,189.67615851212295,3.188892784963835
123580,216.52628103026967,12.663977947468846
123835,336.58246380028424,-0.4013627408196198
124119,223.66271514490853,5.225035853643242
124617,229.9905740767693,3.626419063347032
125228,200.24219940141353,3.2768873995126633
125368,317.3145175761968,0.4860864043762575
125391,33.37058033427497,-8.220601248366192
125532,224.6381684091619,-1.6241274975096154
125542,175.67952997399155,7.708679090175223
125997,178.80862746858313,-1.344759260544411
126159,213.99375081857994,6.076927247752996
126282,347.8884496412867,0.15662277555411183
126372,353.5562801655444,1.0301481232867236
126406,138.7414049908542,4.858785555048482
126421,209.99102077893704,16.33142455544664
126622,219.73178852640362,18.170135386884628
126805,226.8068842987708,4.94706652414947
127601,354.0291235801762,0.13665810009649856
128238,200.1311441108374,-1.455150600103798
128310,4.494074938394533,1.1057566700384343
128316,218.41611168558478,6.44006943625115
128333,36.18379198346645,0.2957262335581515
129108,0.4174190639394624,-0.5640501038280263
129372,23.215108771991368,-0.577975002943606
129402,212.98236555152414,-0.7203216169964525
129738,244.1335988265276,11.77017784510075
129931,177.55416833513516,18.60273904968607
130072,206.61164773886904,-1.2844856708440437
130291,150.72633426615207,14.729786791635467
130640,235.2274236228778,3.5688332312832594
130674,227.97122330019556,0.6203369694523059
130795,242.25160861923126,5.809352755716956
131107,205.77541221972888,15.845326637925202
131634,0.3241717052090962,-0.9366765768458711
131741,20.311999251984744,-0.17925432861473434
131763,146.1960434745184,7.5127100782229315
131842,344.61252243483307,-0.10184379760049403
131998,36.69079250779731,-1.0327317146746877
132283,351.2777937983228,0.21670338244512344
132398,227.66761816773035,0.813822443890215
132560,134.1775033823842,25.380282506844246
132765,243.2845271548403,5.795453748659451
133069,246.0539919544962,9.971164649431588
133189,222.63136707630477,15.281034953664378
133844,326.51442475206346,1.2103189814658348
134038,17.954198601347187,-0.4974952002141454
134052,155.10232878569542,0.7570758686377742
134164,164.0206341091661,5.240320033087822
134351,213.15165117388196,5.610010005519613
134625,240.63809935790246,3.4958795724428615
134715,219.46238712780502,16.542717303759737
134870,203.40919271321877,13.236008423449048
134893,222.00365182204308,9.84675386728832
134901,203.69049569958187,-2.5904812438230174
135047,227.54691091541602,-2.481089093565995
135562,193.40994811263317,5.479069120798278
135862,238.05695944234026,6.849530266489453
135894,223.94287069360394,6.141578025390542
136305,156.8541409844293,5.827904244406402
136402,210.32954973320267,19.531175060974135
136593,173.34486456839224,-1.0391405062976005
136740,238.98885306296393,2.637503240928639
136780,28.437263856306657,-8.68094100982031
137159,337.838693956811,-0.9361911708655991
137272,147.73298607111224,-0.7203161308853694
137325,200.98695497128273,0.18051780794447464
138013,132.92405856448437,20.18493682274334
138090,151.3894131311264,0.2998368946573455
138519,224.02460201794582,2.6584836689339797
139163,171.09600131342305,12.887992569883982
139410,200.3771753346852,2.723648163319579
139818,214.76898449862722,1.3042522353153927
139867,136.58095832246664,0.26426025764606725
139958,199.18669361163836,4.3988646940530405
140007,236.66305415850303,1.4061214892615952
140304,198.27901303789997,11.064936779403324
140422,26.431030414458707,0.1891145156286039
141170,130.44852148635294,0.8193492452766995
141254,220.88939027080102,12.617690237067187
141260,208.0941907274869,-2.254040945409488
141530,172.66208097722472,9.320452321653137
141609,213.99019848565618,3.305895208391756
142003,202.81467935290732,6.890022233449762
142007,231.84624229910844,1.3941099350155195
142043,190.62326376261376,-1.8751294778982992
142419,331.71614590289755,0.28715248750191325
142771,209.1570012638184,-3.263758849700375
143794,212.58736979463256,5.271098095353847
143801,249.48817077817176,15.899401348747562
144177,37.54520401437985,-0.6482381234847377
144248,329.7775374111551,-0.5591634618250101
144449,16.743344166723027,-0.818039194352989
144561,5.1679230559124525,-0.6680747291918258
144626,144.13588915338994,2.655493499953261
144900,161.71799695041383,1.1307782718648205
145083,222.58505069765928,-1.5978078715150894
145334,173.26452107886567,-3.029550843444074
145902,5.007606127367978,1.0694021413405703
146341,189.3229262882957,16.731859256075087
146498,325.0928672235432,0.12681534195649657
146510,149.88365234488091,14.04946123280616
146558,199.27143542107905,6.47272880347384
146829,148.37483686646038,6.369454541463253
147447,137.77328518558932,0.2511954305501735
147779,329.39452581545333,0.6466793636747115
148072,218.46807672732652,7.874615660887208
148272,214.36433368652916,12.625670567679231
148308,234.67038959965868,0.3794486294908195
148770,176.62828754255648,21.75620704567665
148860,222.039789010426,6.070259724783574
149088,177.80057251052654,-3.3211333675071932
149445,195.8567284387954,7.884284952080682
149536,32.53253017847351,0.7106999947769791
150007,1.1300565129003814,-1.1273345962432366
150089,199.78106141901787,5.170688386671402
150408,8.59386762768628,0.3280525412586811
150699,180.93454882378015,7.067482535948094
150741,15.719113962079774,0.24776562528253082
150947,230.49823385596684,20.376774645389748
151026,213.91349540418085,-1.230286894177339
151116,226.9301283633051,5.370981610983609
151352,349.5823730818549,1.250893572834732
151502,322.10572861634733,-0.7602177427181684
151630,255.56226526884365,20.9358656753739
151831,233.47705274371626,19.834877768166905
152105,149.6383220860494,-0.8551805295303236
152472,244.9776966263098,8.114793088817114
152504,193.66121059293533,-2.298778351176627
152729,239.54796684869999,10.67946033646041
153423,328.54197819451946,-0.3677040377562715
153764,237.8853637873069,3.872671155670953
154120,29.971191024864567,-8.490517678191587
154317,148.78077017882748,18.75470100750497
154657,25.007427629924365,-10.20195530946006
154790,217.44262812920687,5.923359222467982
154895,206.5968748405491,7.134419502354099
154912,222.3342251669361,-1.6600007106183297
154964,42.79681650005409,0.9419205559965532
155744,165.72617307230587,6.627878470473223
156059,5.607499642507719,0.6599373241354384
156254,145.3570371992388,3.483469885859159
156303,146.2268829776591,1.2452465033699762
156647,224.13051111168943,4.58963430747501
156925,227.83076344501228,8.835694931013377
157254,161.12923120395325,2.36635230596092
157298,256.509195040412,20.2994089907141
157448,220.84379406974085,1.5015567159314018
158042,5.1725148456687595,-1.1761884771963929
158452,186.73495127062841,1.2137113383634017
158506,199.7440259552872,16.31617028649229
158610,145.27863545554874,5.42162735444889
159562,153.59836563444054,-0.07770152627068835
159611,189.12438608566924,3.893648242697641
159787,132.15837172963055,14.131240733918847
159844,185.81041680962363,-0.2561498186349232
160035,149.42403634666192,-0.3548870691851077
160447,185.84506377715215,19.0573784827348
160491,229.4154285002566,2.47403204704122
160566,155.15506783909126,5.492689401677852
160900,241.46311700307928,10.982855032057447
161292,338.02842408044046,0.8637776996076111
161440,244.75635569101786,6.5142667103987835
161446,164.47565920268778,26.843382870413713
162504,162.62819907307738,3.554655924442664
162594,228.11460915972097,20.65181038445765
162817,171.24931331077033,-2.84980685773218
163282,11.579187576351103,0.3775539752051782
163592,209.6926196567686,7.765314356941349
163754,214.0102000192548,20.275184648828013
164284,222.0446122463016,21.172080906897833
164372,37.33729140665251,0.5938237715052428
164695,161.8273062492534,0.840680606197987
164781,30.775453592099552,-8.056047794813978
165266,226.78318204260947,-0.2797236366532346
165397,218.39744457611044,0.9073565965924455
165886,212.11457533107833,12.301729627003908
166166,331.8205763859727,-0.6101092676519355
166241,162.80345158363622,-0.0406384434233261
166756,210.31776397494679,9.630655818368785
167061,321.97517862390555,-0.7603359009917345
167155,129.94349098691012,29.98484015979077
167181,14.881111519030512,0.569418723018744
167286,182.20876068448234,-2.029465356643182
167319,205.51319160806884,4.085992481680529
168119,221.313642772744,4.729053136618578
168197,23.731388227373373,0.3879456591541705
168240,317.2281519201136,-0.7258290547907571
168486,209.56822822775604,3.7052322842491296
168940,148.2149993073745,18.183643107629642
168975,319.34523416209254,-0.10183727599582278
169720,220.5994120032101,10.00267232772388
169842,138.6317103368063,28.630843136697592
170264,1.979636071315026,-0.22809634227121886
170297,225.01127795778314,4.327054064556295
170300,222.33562809504866,-2.461989244226694
170578,208.3518795189689,1.3779458146046124
170727,136.46991687162085,8.886839081474108
170846,179.1827127468175,1.8956031849149741
170968,231.74290139190873,1.3714259896866379
171003,341.9901743100736,-0.7629119447258389
171428,162.99964479714197,4.989002788321721
171513,42.819546346505405,-0.9352881514186204
171805,216.15564220127882,-1.6389223857330466
172752,180.32579883145792,6.316494344697565
172953,165.0727085781418,9.694360762546127
173010,131.52004289744806,10.20492169337265
173478,219.5024602507273,25.13135780698943
173748,239.63195810166192,6.299172013527826
174014,239.25071432848787,4.599320528140661
174132,355.1005252279488,0.002271033532559596
174254,218.17806276902826,1.6902346016961516
174339,41.08024865719304,-0.4642457323173206
174484,213.0365880173851,-1.1447465565344102
174658,154.85199249998107,8.734998225683299
175030,331.54108263636095,1.0848005548346868
175242,3.3492323824860932,-0.46548091014103415
175361,226.4595592854808,4.485908399583236
175850,28.41373060701096,-0.04945708159428483
176016,246.01273965146436,7.732036779580777
176019,144.01834176367342,25.749787013020345
176435,159.3202943144119,1.032610485370537
176653,213.20874432498047,-0.2958000243911937
176949,184.9899231782021,-0.5570643474130774
176961,24.70974996217815,-10.308801823168496
177065,25.53744403501065,-1.0023890014351622
177099,189.80992643855967,6.6845967922356495
177272,320.88996448355385,-0.5645678223412314
177298,207.50670336954838,4.841155759998565
177326,27.604061310935393,-8.355321908493464
177433,236.5560798763262,3.3303656940599202
178135,218.67138992440317,4.3659021704496555
178532,212.13763778461234,2.0462345672817417
178955,155.7973738634322,0.8278106958454545
179101,139.40697926640195,8.229884938995013
179241,239.08608505351046,11.923362802538406
179414,166.61284977976825,0.9774845335536092
179631,147.28403916073034,8.235660763359357
179752,155.3015323503085,0.4199044492101807
180226,247.32697794133412,19.74997064903897
181255,255.31496517226532,24.102351098786244
181296,154.90807018057802,0.33215398783995215
181334,228.30055510151385,0.892215366409764
181430,207.13155275683096,16.767043214344124
181767,245.78209945666873,7.152361370008402
182636,185.6687281846629,-2.926452404881987
182955,159.73109480597782,8.291577034691299
182963,230.68762527260935,1.374535600261346
183180,224.19693184339116,4.97050519145775
183246,24.482140493964287,1.001379172016462
183275,173.0157216216248,-1.3380084122731557
183333,221.8596209232561,0.8378478136436606
183657,30.780853064769985,-0.5584062235790845
183835,30.510405186357374,-9.159029019392397
184031,181.421861676373,4.060665589089731
184036,219.3939795061695,3.211460080281818
184389,21.821077458434942,-1.2360143923635099
184808,160.63525929776253,0.1263897660594718
185848,8.852184637686758,-0.7198494337722657
185855,152.46267159747043,-0.3124816995365978
185863,357.0243544464057,-0.8226717817338559
185907,133.50812076525784,7.421265114815581
186116,189.90381952912205,3.4229220999068235
186170,203.55194708855979,-1.9393265111958535
186370,0.6464976461112428,0.7040452425900184
186542,236.30002694283954,4.217357325784632
187358,152.0765255630311,0.0648768587428505
188262,217.27139991204695,3.3428682623266814
188519,134.90763650916915,2.8878334417246156
188611,216.58596374408137,2.3024592501302563
188813,243.2112271233422,7.717922699377971
189020,185.56473097977647,13.361726871271788
189509,256.21832125686313,20.832205494547903
189611,29.662440033127396,-9.10539320799165
189676,222.6195231639657,2.772622927016441
189811,160.85059731446714,10.076811377781919
190056,224.73176428580834,12.5608024610967
190118,157.42335567247648,3.904111053201269
190410,181.43614653742358,2.264894086417789
190710,242.10470544519245,7.174949216486332
190886,156.6367456183406,26.776609383109946
191121,213.09934309952573,23.218392571976104
191352,219.21405520475474,6.606092358896728
191461,191.48596752047465,2.743660517666067
191879,24.55736307047961,-8.866681951361686
192352,32.333926027578215,-0.9493917827650575
192461,35.741009621322945,-9.199682510889737
192909,230.44602698339398,4.108827830782408
193214,28.23908260671965,0.3837036095211378
193269,138.71972272741363,8.336295816092568
193369,213.1905757917649,-2.138005997606604
193405,24.348725485721516,-9.523377011373546
193407,174.1372811444579,-2.883675324481511
194110,323.64294533149433,-1.1067210377730392
194240,178.04358111317495,-1.4492647566932706
194340,212.72896336736213,0.9858280259595841
194682,346.68892910862235,-1.0239326603888328
195328,35.41590622945091,-7.6212106331301035
195452,201.40237795855268,-1.3519481876487054
195523,43.22586647644029,-7.80624883156448
195588,190.59208583181845,16.26701740459517
195788,195.59001499695313,-3.238230322054513
196503,340.7632969747127,0.7380653270309938
196770,323.7393583739923,0.6668355953286744
196882,201.24324117157767,2.381614178296568
196916,334.1965289122758,-0.8352327020553278
196946,227.65735225785167,6.677360500601484
196952,338.1196423603598,-0.9923637014804885
196979,205.71137422447754,0.8266670693194826
197146,324.54112341502355,-0.7633053156053276
197231,162.54667468040014,0.21721940587272504
197660,204.23864436579433,15.307270970859856
197734,238.08064573371348,3.4704220272222055
197742,145.04751188606699,6.320028856886772
197749,186.17983417674753,9.390597370053232
197912,228.01583517882148,13.687799455663288
197922,212.9677119025739,-1.8525872990238546
198632,16.816463680382327,0.6613513481541201
199368,1.2930423884594688,0.4680609706243903
199501,39.22007255401944,-7.146668386214603
199513,147.29007006223978,4.702155196385017
199559,191.5534663638969,3.032536807139023
199754,239.65475258598784,5.399945099377915
199782,255.91012852210122,24.442669692498637
200555,18.424429131588028,0.016557810644734185
200572,232.0119010468482,2.683706045805111
201093,198.22808645451738,1.0359716329937323
201494,212.47537490169282,10.690213817468859
201738,7.371570209155231,-0.38461685578622
202023,341.7549907156563,1.0750563503952433
202395,35.79880870211798,-0.6862514917009207
202549,320.59654820972696,0.992555348067223
202790,222.99177661095126,5.156858010232297
202820,212.00218327173553,-0.8218097598328871
203238,219.59496351811424,7.744713483840971
203303,142.51842976590152,8.845807769865853
203453,212.89845556467012,0.7345647281595978
203675,198.56082330799813,5.957937421419299
203859,139.25972586945778,-0.508800881937558
203994,227.92927903718393,11.367180597897987
204106,222.0244888058943,16.659024705396114
204138,173.50109849030662,-2.839071601179175
205250,201.95813084518113,-1.8643036996461182
205512,222.1272849316411,2.148527669020422
205587,181.49233769048953,2.832894765513257
206293,350.8170833570076,0.9897264224728989
206609,153.87754641637258,-0.1331321982405519
206985,227.49312085535735,-0.2770310156873081
207317,0.8789549581701888,-0.2812008176752382
207390,175.62685010944043,-1.8484260777160395
207434,249.76013227809258,26.22772376806638
207540,244.50339710500836,7.679604152701854
208101,0.4288549982461678,-0.2787737848467152
208391,189.23428594601472,0.7123520198594661
208780,152.45084938966164,4.424886123555809
208828,205.82052357440148,2.838399326387214
209011,210.6504427111425,4.915647457248865
209579,222.35801543384423,3.3002918468119735
209770,143.5337406392538,8.548972326109935
209850,173.61334463405458,17.53053750013034
209882,241.0807840273597,3.4639302827494576
210130,209.02659542329076,-3.2097687902931717
210155,155.1483746436519,5.454345524299752
210326,244.19510615226642,7.118283382453261
210629,336.89868500074755,0.3458831597361539
210764,202.231258492958,-1.6351614097994271
210845,206.71509711830097,8.426961595659126
211442,198.74240247078973,5.649151613580375
211463,21.749586836609396,-0.7838336574009318
211495,152.3419890097773,18.756175097831488
211654,234.34659616229374,20.883663997493713
212178,178.3396239542625,-3.3421884502177215
212293,240.53365609763267,13.202967006077026
212345,202.7476414010145,-1.5319577834950115
212374,324.5266611968569,0.27760603925980043
212568,185.85860269064563,21.919574633497756
213031,198.0027837263532,5.40113508883958
213137,185.72455075969083,-3.202943030594952
213273,235.96015971307366,1.0072634415788604
213340,217.12162525357547,7.783874932780259
213362,211.29767691841042,10.067429817300198
213664,209.71504956953146,18.79502713720869
213683,144.38899997386747,5.751130497819834
213833,333.7334148694911,-1.1770801745476118
213912,181.82764126758804,-1.6585462576242944
214151,151.36316984575427,-0.8746153874859444
214401,4.613205641184152,0.9328250792386658
214942,146.54403812980524,14.367876848746517
215096,196.74713284808143,6.255452707682825
215411,232.62117231230064,2.6415209443437373
216439,176.05791279940902,1.301079092877458
217626,148.95875551478227,1.051111406489541
217702,184.00684344848904,-0.62594599243714
217708,196.2555244417198,-0.9034668185320962
217888,221.6601861758458,4.171269596962197
218452,341.9651001463788,0.4207810750566292
219093,221.00093642446421,6.507451314144112
219130,21.59942111819914,0.9778730960259648
219537,227.78151181411698,-1.7691907324965988
219559,218.20303681245895,2.078334719170727
219822,204.46740488169095,1.5262661895133651
220165,208.0981247123851,6.920129481685824
220276,154.23376388831375,0.44082019886316354
220605,42.46469775765118,-0.13315402414535674
220993,147.53219579100914,23.952210772311513
221189,149.90669270078428,3.1671246892470144
221209,218.48833611292483,0.5863331529878882
221809,243.1794438550714,4.834005565339746
222220,197.72271361458218,-2.4782057051312294
223645,186.981526133271,1.3873519206053802
223890,199.67062227772,15.962904568302898
224209,246.29234420728164,9.688835868944384
224218,134.88884101260982,-0.09004333641244626
224297,251.06407852827843,25.6092464257634
224547,143.49752891403645,8.176760586711325
224548,203.63438415509293,3.5964616021284015
224846,325.4139444414816,0.8282153691280358
226666,154.25682149110946,0.9543456621538545
227150,172.41119006402917,-1.8087745460853728
227205,37.19065602923172,-8.570144941979317
227656,207.7818868074127,1.6860515235463356
228753,181.9293408389123,2.1524194360903124
229269,202.4660233246242,-3.2652430738275853
230109,188.2723171072266,19.267953879293206
230138,232.0111736361073,1.5255297819548097
230475,33.814865052690834,0.9732371287615881
230505,146.00463885040637,1.873618871505835
231098,155.04740226025854,-0.04592610445981899
231327,188.82073303427018,4.118904970599406
232712,220.92778702230515,9.917782436087586
233059,171.14426339464023,10.738136558019274
233103,220.4733082281743,8.830331318662912
233112,226.2616705047589,2.4247932912265013
233726,207.0315317133318,1.5864905722438185
233897,323.6423357174968,0.4963296012277541
234018,322.86198242080167,0.5540635894995654
234193,245.7576180810159,7.186718730857333
234329,153.84529096600727,0.5492605088516487
235154,154.15836061057558,4.278569264992385
235245,149.35162885842124,18.959052287840088
235851,213.76918450745336,16.41340962817487
235932,229.68837094248877,5.2216891043978455
237427,214.53678247828552,-1.3762379739785229
237709,143.11486747655852,8.791678254311416
237739,134.62825468105194,4.7757035067412295
237983,37.26374486822168,-8.564885423379687
238248,231.84404836897625,2.102203197126287
238322,230.62972462062936,-0.4721069672110761
239086,215.72203138264842,12.508763790695758
239783,236.5044871777734,0.04917148905649247
239789,243.15705109657188,5.627058915261114
240654,359.43007874504707,0.19522260511263154
240698,347.753026436248,-0.18575816707883738
241405,210.92939270120073,2.637999494052858
241870,183.9485800420357,-0.5182279179552677
242030,257.1765337509703,21.652303578111844
242032,146.82836380616405,1.7429065451966597
242325,12.843854820970657,1.0293452393945803
242731,201.43597850103862,-1.4620825010936522
243511,179.38403194988376,1.2637557732096758
243841,137.82912110423865,3.8928007076048443
244035,243.67797502904912,4.946005137618183
244112,317.03771738176454,-1.1279651163978937
244375,335.73659729677206,0.9635485758606767
244959,212.68421480510204,8.905800982743463
245097,213.5408652945188,3.4582271629878782
245289,179.03345574099836,1.5005507039552133
246038,162.74237904526865,4.181405008102572
246131,329.52400413383526,-1.0480760265688704
246337,186.30715626691642,-0.1805538769364588
246692,137.97389242574604,5.049917308474161
247213,182.23040826941866,-1.8351506627795846
248657,148.37740945920203,10.248286014366366
249801,199.93625834306988,2.8044001127388345
250060,27.745828786780805,-1.0233930497726196
250170,144.32771848212002,20.589902221675008
250566,209.48142417716628,6.22520584743076
250593,189.67685056349563,-3.6219053823494174
251398,198.33169288641122,-1.318492049066984
252248,226.45457038519407,4.177241864494116
252372,143.42061700254274,10.033727726026775
253210,243.61003312959465,7.440539524380218
253405,229.7957460013877,3.0922685127612812
254219,2.557382296315268,0.3854846171043011
254382,212.8447129949683,16.88805962622877
254477,159.10216525257323,0.7027309913781106
254507,157.55238794324373,-0.1796437644051545
256668,200.09219362022517,1.9515635112075764
257022,245.10593913809495,7.465599732777077
257362,209.5792686283699,-1.6869132103468807
258169,142.81917432069207,1.3878618033245258
258317,145.09435945874517,5.37514240241545
260481,239.92335214120615,4.685149317016239
260678,322.75955737156175,-0.2028243220052563
261671,324.2617656420336,0.202274569934388
263608,223.3281650575371,9.101411378612884
264492,235.03019463589567,0.9210073615263656
264686,200.4455339590235,-0.5175889881969646
266038,206.669791112675,0.9984959972672783
266358,222.0150387728537,18.938222566404082
266445,149.23126464837205,12.510848884914378
267067,256.5008889170226,21.25464000066963
267758,25.21526787456159,-9.13384570109283
267950,191.35978395177654,19.664964736337
268965,164.8406202221871,6.058630542306589
269495,18.381182335105024,-0.1625693936283752
270070,16.5323380361057,-0.2855314583951073
270130,212.38983112950694,2.918399892543448
270354,221.87610290733232,7.8595264426212355
270535,41.55324492286707,-8.79322285675739
270555,220.99007744934156,8.447944173749718
271101,220.9373016987899,13.602113141539581
271242,210.37839550663855,5.430369022739148
271430,162.01399487883634,7.214499616447801
271955,322.25374163455854,-0.716592638154807
272467,209.48180838272594,4.905988813052784
272985,228.42447001113106,4.924633962238714
273706,206.5439736340942,7.366966048767573
273823,335.2328292797047,0.3055006187123397
274447,244.02066502612138,6.086880075002462
274931,26.9212717442647,-10.402405276314257
275092,258.4933191326383,22.615886754112225
275150,162.0370544661827,4.965456200954022
275993,206.9098936267349,2.3412327432866538
276668,162.0720754095906,6.749678385905671
276680,139.0982293572108,0.4591126225650531
276852,145.40985973353466,1.0265721505957732
278859,163.53866949975267,3.9364158879662505
279021,203.4630721677085,-1.2327633904477888
279256,25.04985086745056,-10.45844041058206
279717,202.41377760741767,3.587091217628167
279781,154.7352781877737,0.41019668482672916
280277,169.5691157268044,7.723298504773139
280418,241.14530895879813,11.4713943335323
281075,213.7385362889022,-2.201810687491631
281228,216.1551354611954,0.14321781795010902
281484,215.1130404533564,13.248154764239983
283019,213.4713323575503,15.489559973816851
284165,172.07016313806616,3.7933571324795663
284192,192.18540467679918,12.216786851877316
285578,228.5126430758975,6.177417204462577
286230,181.0176232967665,2.1072678658106603
288175,344.53109857897874,-1.1025354496575803
288281,143.09515673915166,16.691344862973654
289299,213.45465379705712,-0.7751989159003212
289432,226.42419804778865,9.577498323285136
289805,240.40862278568477,12.801786223332387
290170,235.8929225662485,1.8385356133535395
290373,145.55848223261276,5.977305060097797
290519,192.5469130714119,10.822831081079954
291840,229.73552454488947,0.8801902375752736
292444,184.20459862012655,-0.7417925054253968
292927,142.2436202234465,4.9984559245811875
293002,178.0217592987623,-1.650157024914022
293196,347.86542043642453,1.2587845240594786
293829,222.74047063493546,7.813295077744461
294042,166.620301066969,4.603738535048387
294339,161.60809499572122,7.281576311774201
296035,189.90351056881156,-0.9141067864843925
296762,144.94951443870093,6.738118193766005
297206,322.9459937246074,-0.027085459965923563
299382,140.09766901308564,-0.7495249872869371
299518,346.4324500178694,-1.0005696942802866
299613,180.16265701844222,-3.156271199765726
300559,28.014358199753843,-9.799464483611722
301374,148.50857736185674,-0.8922267892080855
301880,23.6072775917728,-0.9993504507756044
302278,216.50486462111428,-0.246631831108348
303618,334.4140805781433,-1.1180053486563675
304228,193.85886100417994,-3.498682577817497
304970,130.91006161567265,0.4199419337465773
305140,201.87889854578341,-1.0911568626265278
305465,225.13306195266108,8.97878787824336
305698,186.24350263643555,8.919328776657645
306009,149.33904728069734,3.856109362929061
306155,200.16045017987219,6.153244415723492
306179,191.1487196348416,19.65002254246397
306524,184.48438623379135,9.303864419702782
306539,215.77536561464024,5.701694842228431
306828,26.65185546850246,-9.695881404629407
307769,227.47472469424113,-1.434096611613829
307775,198.36759520421492,-0.3560648965798229
309015,323.766324030389,-0.06796258479695076
310054,171.68195000054155,11.968821096897269
310143,29.20463257232376,1.1007305564955379
312516,142.07591881046622,5.029750811820851
313418,180.82900716472957,-2.0465716605543074
313780,207.4874178468394,0.6267881138085445
313871,138.60245453176958,4.586468825319953
314315,218.966384922298,2.472431609952213
314964,224.52600298774496,1.505715653115641
315865,37.46074097115651,0.12348788712544301
316938,144.59514998781566,3.397259127913335
317652,197.18966632625373,-0.7883737886994318
317680,223.53744565228502,15.264154217679305
317754,219.8699332640652,11.10383722725573
317975,43.784192415908535,0.2551942434913545
318267,215.5826854528343,19.672884278068693
318324,14.866570103551751,-0.9667880912051658
318576,164.57531312688008,2.4503078879868947
319665,155.13013455911502,24.461980284849147
319700,326.3192138354891,0.8272700121383615
320060,255.64275975537203,21.88736228328352
320148,163.9160787238331,3.2663110316993564
320644,185.5610545665416,1.2280639927991197
321606,228.47747101539045,3.0926650672323626
321634,358.0059987715642,0.22077229489525974
323322,187.91470747467537,-0.5705646055758878
324018,18.858930849723038,0.6974955690336742
324097,244.4787148113533,10.154551921540447
326421,203.42451672767328,-0.017402151137513987
326784,139.9576328610109,11.504667000844151
327319,235.79184572633105,4.457520103577235
327462,2.271462433422755,0.2305577869559387
328864,142.6918417942464,7.677441313165571
329226,243.65366406164787,6.641557947373453
331047,226.84729127521004,-2.746367200687767
331619,152.99740754177324,4.683721377755359
332624,222.09545027096283,4.197860684366393
332944,224.2525284700056,4.751883444220308
334971,31.48636085301299,-9.939389391167307
335877,147.81591238677643,0.8459969980628523
335894,116.13378561395658,20.576489634475944
336259,214.59240508179636,7.9929756550876325
337863,159.4536828883279,3.53212014007728
338791,150.29758979060153,4.415953509906814
341028,34.81655380868066,-8.261629031605148
341790,221.90313202945353,4.889252868665818
343906,207.1802263272416,-1.8436018390012923
344683,227.22231782333392,9.688418465301336
344977,207.38813194390457,-3.2283043990466904
345367,218.6453893645476,-2.9826549683539922
348683,31.959144021908564,-9.206874134670983
349179,162.0117352804219,0.8336989298135558
350585,16.84304660691258,0.4162596595278911
351877,194.83492927776672,10.842801749585648
352050,213.96286792971222,-0.24817677491956125
352515,207.67945659003948,-2.260255874732658
352937,209.0828535425637,-1.209680347107651
353432,215.91410495094422,17.220992621823996
354902,152.6107876655099,6.956626161842669
355418,143.54193667301877,23.618902499830252
356021,246.17127124351532,11.039241247767793
356207,213.30577557903715,0.3031466918629682
356830,247.30150176976474,20.411169527319053
357661,255.64664358226383,24.080027941275432
358979,245.16260924469407,6.883075072788918
359022,224.646108006833,6.1003155229882395
361404,224.01181876097215,26.972442083113783
362221,198.86561322393584,-0.8887892039479858
363905,205.53725118182643,-2.506189336193018
364894,198.57579785526696,0.363094777493218
365163,219.5839210642594,8.249727588318512
368796,228.09796658242925,3.9239923491517117
369034,212.31595488451183,15.13043853249359
369962,227.34568093992334,-1.608283098224898
377819,209.31766389348292,-2.4696398833507125
380256,234.61373000828564,12.450999957573014
383097,181.23981869000352,11.39781505308144
383761,19.149177374984202,0.05208797931317258
384814,39.97765446511072,-0.7118244367346283
386611,145.1573624352886,5.236883808738597
386890,144.00206251956925,16.463917605376043
392605,181.65647464792679,10.64909653271605
392989,219.82055835335416,20.27677276760763
395249,226.68094032650686,5.327184046890358
395388,342.45635835634624,-0.4416619139185388
396282,198.11437531313265,-2.6888859033712973
398764,217.56795730199207,17.609886808119086
403064,358.87961301853215,0.26017233596071715
407984,141.25767919891763,17.644489909420237
409394,209.95200970317546,-3.013635992990444
417587,138.70803993173726,16.464888924260784
420628,169.58073361878775,5.82297024134269
421379,31.67838511432673,0.41896218232671006
425745,193.64711097981507,6.449979593465226
435694,220.31505726231273,4.725508040809708
435870,353.74960927238914,0.7042047036224504
436637,137.96356973546062,-0.7550915657267675
438105,232.25545168475975,3.758611748230946
439808,28.603180468198957,-8.967043954824558
442445,344.65283085739077,-0.8656807552381424
443646,322.84438270161104,0.06616784535909397
452570,137.93539776150243,6.7609602046903285
453398,241.2886533836354,5.8116959359666565
456910,216.99068741614693,2.7443440400850214
461795,202.51881371090178,5.5453570625278195
461923,222.6342426727981,5.005488008540953
464859,182.63509158860234,3.4040659052362043
470036,13.395436735353279,0.5961448472476677
473636,7.674000587158204,0.0225387789514862
474406,142.1536802951613,28.81706396013264
475403,135.29206306307515,24.915744841540377
475927,195.17582518971716,-2.9933732343323687
482531,134.2800755247425,10.938419794188562
488126,229.50839439156627,-1.0344890314038653
488316,137.80558319127215,1.2324417920136903
491902,207.01578752507797,-3.312252700649076
504191,211.09501906833896,20.142748383235404
507996,187.29091948548617,18.93951904544402
515583,167.79095875822736,4.552618981010803
528961,216.2546019793129,-1.036026795165815
549432,178.0822058195513,2.7363263856551607
558266,218.89497757540545,-0.7093792604547002
569076,139.61521712661568,26.542507408201075
596259,226.30001846468946,9.834624615180944
604106,200.28108046148577,1.537057765489909
609346,214.579454637941,12.082767767011243
644295,172.25646859525847,5.155340895156881
648986,146.90207677822173,0.8997467839549627
687689,185.1538028686853,13.394446187135285
687936,207.38459549736046,0.928975438357123
695620,169.88706153686016,12.233287441383592
